"","rowid","plant_id_eia","energy_source_code","fuel_type_code_pudl","fuel_group_code","supplier_name","fuel_received_units","fuel_mmbtu_per_unit","sulfur_content_pct","ash_content_pct","fuel_cost_per_mmbtu"
"1",1,3,"BIT","coal","coal","interocean coal",259412,23.1,0.49,5.4,2.135
"2",2,3,"BIT","coal","coal","interocean coal",52241,22.8,0.48,5.7,2.115
"3",3,3,"NG","gas","natural_gas","bay gas pipeline",2783619,1.039,0,0,8.631
"4",4,7,"BIT","coal","coal","alabama coal",25397,24.61,1.69,14.7,2.776
"5",5,7,"BIT","coal","coal","d & e mining",764,24.446,0.84,15.5,3.381
"6",6,7,"BIT","coal","coal","alabama coal",603,24.577,1.54,14.6,2.199
"7",7,7,"NG","gas","natural_gas","various",2341,1.019,0,0,7.26
"8",8,8,"BIT","coal","coal","twin pines coal company, inc.",8869,23.911,2.16,15.4,2.076
"9",9,8,"BIT","coal","coal","twin pines coal company, inc.",75442,24.735,1.24,11.9,2.549
"10",10,8,"BIT","coal","coal","alabama coal",206741,23.456,1.9,15.4,2.437
"11",11,8,"BIT","coal","coal","alabama coal",18255,23.86,1.68,14.6,2.351
"12",12,8,"BIT","coal","coal","national coal",16022,22.855,1.38,13.9,2.512
"13",13,8,"BIT","coal","coal","alabama coal",16357,24.026,1.59,14.6,2.366
"14",14,8,"DFO","oil","petroleum","name pending",2,5.5,0,0,18.607
"15",15,9,"NG","gas","natural_gas","one energy marketing and trading",23047,1.019,0,0,8.529
"16",16,10,"BIT","coal","coal","alabama coal",6217,22.774,1.84,17,2.492
"17",17,10,"BIT","coal","coal","interocean coal",39597,22.861,0.5,5.7,2.221
"18",18,10,"BIT","coal","coal","interocean coal",33930,23.12,0.49,5.4,2.26
"19",19,10,"BIT","coal","coal","drummond",14384,25.068,0.88,7.9,2.211
"20",20,10,"BIT","coal","coal","interocean coal",9162,23.12,0.49,5.4,2.244
"21",21,10,"BIT","coal","coal","jim walter",9196,23.35,0.77,9.2,2.509
"22",22,10,"NG","gas","natural_gas","various",452000,1.025,0,0,8.438
"23",23,26,"BIT","coal","coal","t c sales",27907,24.062,1.86,15,2.496
"24",24,26,"BIT","coal","coal","alabama coal",34995,23.379,0.9,15.1,3.287
"25",25,26,"BIT","coal","coal","alabama coal",7058,23.278,1.51,15.6,2.864
"26",26,26,"BIT","coal","coal","t c sales",6783,27.042,0.88,6.3,3.41
"27",27,26,"BIT","coal","coal","kentucky cumberland",10379,24.496,0.9,9.1,3.09
"28",28,26,"BIT","coal","coal","p & m coal",202461,24.429,1.86,11.6,1.93
"29",29,26,"BIT","coal","coal","twin pines coal",57893,24.229,0.96,14.5,3.308
"30",30,26,"BIT","coal","coal","perry county",20358,25.723,0.92,7.7,3.057
"31",31,47,"BIT","coal","coal","co-op mining",33370,23.601,0.6,12.3,4.56
"32",32,47,"BIT","coal","coal","bowie",11358,24,0.6,8,1.906
"33",33,47,"BIT","coal","coal","bowie",12554,24.13,0.5,10.8,1.787
"34",34,47,"BIT","coal","coal","arch",34559,23.923,0.48,9.4,2.45
"35",35,47,"BIT","coal","coal","oxbow mining",12112,24.2,0.7,11,1.83
"36",36,47,"BIT","coal","coal","bowie",18764,24.2,0.5,10.7,1.825
"37",37,47,"BIT","coal","coal","oxbow mining",2129,24.24,0.4,8.4,1.935
"38",38,47,"BIT","coal","coal","arch",35583,25.3,0.5,9.2,1.585
"39",39,47,"BIT","coal","coal","arch",52784,23.9,0.5,9.6,2.039
"40",40,47,"NG","gas","natural_gas","andarko",1043,1.02,0,0,9.079
"41",41,47,"NG","gas","natural_gas","chevron",3048,1.02,0,0,8.72
"42",42,47,"SUB","coal","coal","peabody coal",630,17.619,0.2,4.4,2.065
"43",43,47,"SUB","coal","coal","arch",11629,17.7,0.3,5.1,1.665
"44",44,47,"SUB","coal","coal","thunder basin",137,17.6,0.3,5.5,1.481
"45",45,47,"SUB","coal","coal","rio tinto",15140,17.66,0.3,5.5,1.883
"46",46,47,"SUB","coal","coal","arch",3778,17.7,0.3,5.2,1.846
"47",47,50,"BIT","coal","coal","arch",48511,24.13,0.5,9.6,2.893
"48",48,50,"BIT","coal","coal","american coal",42687,23.6,2.6,8.5,2.065
"49",49,50,"BIT","coal","coal","peabody coal",86684,22.6,0.5,10,2.46
"50",50,50,"BIT","coal","coal","bowie",24265,24,0.6,8,2.117
"51",51,50,"BIT","coal","coal","alliance coal",85237,23.79,3.3,9.9,1.607
"52",52,50,"BIT","coal","coal","mountain coal",11690,24.71,0.5,11.1,2.703
"53",53,50,"BIT","coal","coal","gtm mining",25791,25.63,0.7,14.2,2.205
"54",54,50,"BIT","coal","coal","bowie",11932,24,0.6,8,2.507
"55",55,50,"BIT","coal","coal","alliance coal",31279,22.48,3.5,13.1,1.725
"56",56,50,"DFO","oil","petroleum","marathon petroleum",668,5.67,0.05,0,18.132
"57",57,50,"DFO","oil","petroleum","murphy oil usa",513,5.67,0.05,0,18.27
"58",58,50,"DFO","oil","petroleum","placid refining",168,5.67,0.5,0,18.382
"59",59,50,"DFO","oil","petroleum","marathon petroleum",1688,5.67,0.5,0,18.315
"60",60,50,"DFO","oil","petroleum","marathon petroleum",1175,5.67,0.5,0,18.04
"61",61,51,"LIG","coal","coal","dolet hills lignite company",298634,13.674,0.68,12.8,1.846
"62",62,51,"LIG","coal","coal","red river",54133,14.208,0.63,11.3,1.777
"63",63,51,"NG","gas","natural_gas","crosstex",1576,1.042,0,0,8.066
"64",64,54,"NG","gas","natural_gas","constellation new energy",375409,1.03,0,0,9.33
"65",65,56,"BIT","coal","coal","american coal",31677,23.314,1.42,6.5,2.21
"66",66,56,"BIT","coal","coal","twin pines coal",12241,24.328,1.49,13,2.861
"67",67,56,"BIT","coal","coal","alliance coal",2942,22.784,0.86,5.4,2.515
"68",68,56,"BIT","coal","coal","pittsburgh & midway",39655,24.192,1.85,11.7,2.26
"69",69,59,"SUB","coal","coal","arch",29107,16.63,0.34,5.8,1.386
"70",70,60,"SUB","coal","coal","western fuels",1702,16.142,0.34,4.7,1.488
"71",71,60,"SUB","coal","coal","foundation coal",24990,16.702,0.32,4.6,1.334
"72",72,64,"DFO","oil","petroleum","name pending",9196,5.544,0.3,0,22.09
"73",73,75,"NG","gas","natural_gas","distr enstar natural gas",76819,1.02,0,0,2.535
"74",74,87,"NG","gas","natural_gas","gas company of new mexico",6669,1.037,0,0,8.659
"75",75,87,"SUB","coal","coal","peabody",101458,18.342,0.83,18.1,1.434
"76",76,96,"NG","gas","natural_gas","chevron",448323,1,0,0,5.05
"77",77,96,"NG","gas","natural_gas","marathon oil company",1107488,1,0,0,4.59
"78",78,96,"NG","gas","natural_gas","aml&p",448323,1,0,0,4.04
"79",79,96,"NG","gas","natural_gas","conoco phillips",448324,1,0,0,4.04
"80",80,99,"DFO","oil","petroleum","don small & sons oil distribution co",958,5.82,0,0,21.886
"81",81,99,"NG","gas","natural_gas","conoco",229,1.03,0,0,9.494
"82",82,99,"NG","gas","natural_gas","encana",467,1.03,0,0,7.543
"83",83,99,"NG","gas","natural_gas","enserco",220,1.03,0,0,9.223
"84",84,99,"NG","gas","natural_gas","puget sound energy - northwest pipeline",1795,1.03,0,0,9.026
"85",85,99,"NG","gas","natural_gas","sempra",597,1.03,0,0,6.077
"86",86,99,"NG","gas","natural_gas","sequent",1584,1.03,0,0,9.985
"87",87,99,"NG","gas","natural_gas","shell canada - sumas - northwest pipeline",140,1.03,0,0,6.724
"88",88,99,"NG","gas","natural_gas","td commodities",2198,1.03,0,0,6.923
"89",89,99,"NG","gas","natural_gas","tenaska marketing",2039,1.03,0,0,8.442
"90",90,99,"NG","gas","natural_gas","avista",680,1.03,0,0,9.76
"91",91,99,"NG","gas","natural_gas","canadian natural resources",1339,1.03,0,0,6.454
"92",92,99,"NG","gas","natural_gas","bp canada energy company",53,1.03,0,0,10.915
"93",93,99,"NG","gas","natural_gas","nexen",2164,1.03,0,0,6.876
"94",94,99,"NG","gas","natural_gas","cabot",3021,1.03,0,0,9.568
"95",95,108,"NG","gas","natural_gas","aquila",8253,1.053,0,0,7.106
"96",96,108,"SUB","coal","coal","peabody coal",13128,17.018,0.33,5.8,1.226
"97",97,108,"SUB","coal","coal","peabody coal",13359,16.974,0.39,5.1,1.209
"98",98,108,"SUB","coal","coal","arch",56276,17.648,0.28,5.3,1.299
"99",99,108,"SUB","coal","coal","peabody coal",70143,16.91,0.32,5.4,1.236
"100",100,113,"NG","gas","natural_gas","arizona public service",77,0.857,0,0,7.29
"101",101,113,"SUB","coal","coal","chevron mckinley mine",260669,19,0.48,16.5,1.69
"102",102,113,"SUB","coal","coal","peabody coal sales",55654,18.4,1.07,19.1,1.78
"103",103,113,"SUB","coal","coal","rio tinto",27555,19.1,0.4,4.3,2.3
"104",104,116,"NG","gas","natural_gas","various",46058,1.021,0,0,7.794
"105",105,117,"NG","gas","natural_gas","various",1574927,1.022,0,0,7.808
"106",106,118,"NG","gas","natural_gas","various",25887,1.02,0,0,7.667
"107",107,120,"NG","gas","natural_gas","various",102299,1.024,0,0,7.667
"108",108,124,"NG","gas","natural_gas","southwest gas",11791,1.022,0,0,10.068
"109",109,126,"NG","gas","natural_gas","el paso natural gas",193458,1.03,0,0,4.56
"110",110,126,"NG","gas","natural_gas","southwest gas",18179,1.03,0,0,6.75
"111",111,127,"SUB","coal","coal","peabody",72726,16.66,0.36,5.2,2.103
"112",112,127,"SUB","coal","coal","eagle butte",199556,16.674,0.32,4.8,2.157
"113",113,130,"BIT","coal","coal","converse & co",22799,26.2,1.95,7.3,2.139
"114",114,130,"BIT","coal","coal","trinity coal",11500,23.81,1.67,12.9,2.304
"115",115,130,"BIT","coal","coal","international coal group llc",25389,25.13,1.25,12.6,2.14
"116",116,130,"BIT","coal","coal","consol pa. coal co.",87047,26,1.68,7.3,2.095
"117",117,130,"BIT","coal","coal","rag emerald resources",12310,26.41,2.55,8.4,1.731
"118",118,130,"BIT","coal","coal","james river",55605,25,1.23,10.7,2.28
"119",119,130,"BIT","coal","coal","constellation energy commodities group",10462,24.11,1.04,13,2.488
"120",120,130,"BIT","coal","coal","arch",21769,24.7,0.79,10.5,2.3
"121",121,130,"BIT","coal","coal","trinity coal",101893,24.1,1.51,11.7,2.174
"122",122,136,"BIT","coal","coal","alliance coal",22801,24.522,2.94,8,2.263
"123",123,136,"BIT","coal","coal","alliance coal",79794,24.522,2.94,8,2.263
"124",124,136,"BIT","coal","coal","alliance coal",136473,24.538,2.97,8.4,2.157
"125",125,136,"BIT","coal","coal","alliance coal",56274,23.376,2.88,7.1,2.201
"126",126,136,"BIT","coal","coal","alliance coal",34199,24.434,2.98,8.5,2.201
"127",127,136,"DFO","oil","petroleum","colonial oil",2353,5.81,0.03,0,19.301
"128",128,141,"NG","gas","natural_gas","el paso gas company",64160,1.022,0,0,19.531
"129",129,147,"NG","gas","natural_gas","el paso natural gas",585818,1.022,0,0,8.889
"130",130,151,"DFO","oil","petroleum","name pending",2189,5.8,0,0,20.3
"131",131,151,"NG","gas","natural_gas","bp energy",872,1.022,0,0,10.72
"132",132,151,"NG","gas","natural_gas","name pending",872,1.022,0,0,8.31
"133",133,151,"NG","gas","natural_gas","sempra energy trading",22294,1.022,0,0,8.25
"134",134,151,"NG","gas","natural_gas","bp energy",1744,1.022,0,0,8.88
"135",135,151,"NG","gas","natural_gas","name pending",872,1.022,0,0,8.78
"136",136,151,"NG","gas","natural_gas","bp energy",872,1.022,0,0,8.56
"137",137,151,"NG","gas","natural_gas","bp energy",1308,1.022,0,0,8.23
"138",138,151,"NG","gas","natural_gas","coral energy",872,1.022,0,0,9.85
"139",139,160,"BIT","coal","coal","peabody coal sales",40768,22.616,0.48,10.3,1.969
"140",140,160,"NG","gas","natural_gas","various",28527,1.025,0,0,6.771
"141",141,160,"SUB","coal","coal","rio tinto",28054,17.658,0.81,6.3,1.552
"142",142,160,"SUB","coal","coal","rio tinto",13105,20.764,0.4,5,1.661
"143",143,160,"SUB","coal","coal","rio tinto",65612,20.178,0.32,6.1,1.703
"144",144,165,"NG","gas","natural_gas","clearwater enterprises",282,1.011,0,0,5.93
"145",145,165,"NG","gas","natural_gas","clearwater enterprises",1301,1.011,0,0,5.93
"146",146,165,"SUB","coal","coal","peabody coal",201905,16.85,0.35,5.3,1.33
"147",147,165,"SUB","coal","coal","peabody coal",328,16.85,0.35,5.3,1.12
"148",148,165,"SUB","coal","coal","peabody coal",265326,16.85,0.35,5.3,1.35
"149",149,167,"DFO","oil","petroleum","system fuels ,inc.",26,5.901,0.5,0,14.138
"150",150,171,"NG","gas","natural_gas","centerpoint energy gas transmission",4533,1.05,0,0,10.71
"151",151,203,"NG","gas","natural_gas","aggregate",302205,1.017,0,0,8.6
"152",152,207,"BIT","coal","coal","coal marketing co",242790,22.1,0.59,11,2.296
"153",153,207,"BIT","coal","coal","james river",9930,26.22,1.75,6.5,2.276
"154",154,207,"DFO","oil","petroleum","colonial oil",2170,5.8,0.35,0,18.913
"155",156,246,"NG","gas","natural_gas","pg&e",641364,1.021,0,0,7.857
"156",157,246,"RFO","oil","petroleum","golden gate petroleum",3279,6.39,0.57,0,20.38
"157",186,377,"NG","gas","natural_gas","southern california gas",97016,1.035,0,0,7.97
"158",190,389,"NG","gas","natural_gas","southern california gas",169557,1.023,0,0,9.04
"159",191,399,"NG","gas","natural_gas","southern california gas",60194,1.032,0,0,7.417
"160",192,400,"NG","gas","natural_gas","southern california gas",3279275,1.03,0,0,7.417
"161",193,404,"NG","gas","natural_gas","southern california gas",520481,1.032,0,0,7.417
"162",194,408,"NG","gas","natural_gas","southern california gas",1184389,1.032,0,0,7.417
"163",195,420,"NG","gas","natural_gas","southern california gas",102504,1,0,0,8.029
"164",196,422,"NG","gas","natural_gas","southern california gas",33816,1.026,0,0,8.164
"165",197,465,"NG","gas","natural_gas","various",2422,0.992,0,0,7.729
"166",198,465,"SUB","coal","coal","arch",27246,17.749,0.3,5.1,1.225
"167",199,465,"SUB","coal","coal","arch",21950,17.735,0.29,5.3,1.4
"168",200,468,"BIT","coal","coal","central appalachia mining",22852,21.678,0.5,14.3,1.503
"169",201,468,"NG","gas","natural_gas","various",17269,1.031,0,0,7.233
"170",202,469,"BIT","coal","coal","peabody coal",124940,22.468,0.51,10.5,1.25
"171",203,469,"BIT","coal","coal","oxbow mining",1990,24.49,0.42,8.1,1.676
"172",204,469,"BIT","coal","coal","bowie resources",1540,23.81,0.51,11.6,2.007
"173",205,469,"BIT","coal","coal","arch",12200,23.826,0.53,10,1.731
"174",206,469,"NG","gas","natural_gas","various",149785,0.989,0,0,6.8
"175",207,470,"NG","gas","natural_gas","various",23298,0.989,0,0,6.8
"176",208,470,"SUB","coal","coal","foundation coal",238690,17.122,0.25,4.3,0.961
"177",209,470,"SUB","coal","coal","foundation coal",550,16.756,0.33,4.8,0.982
"178",210,477,"BIT","coal","coal","peabody coal",63200,22.59,0.52,10.4,1.232
"179",211,477,"BIT","coal","coal","peabody coal",12180,24.06,0.5,9.6,1.703
"180",212,477,"NG","gas","natural_gas","various",6355,0.989,0,0,6.9
"181",213,492,"BIT","coal","coal","peabody coal",40218,22.4,0.53,10.5,1.221
"182",214,492,"NG","gas","natural_gas","colorado springs utilities energy supply dept",1804,0.983,0,0,15.337
"183",215,492,"SUB","coal","coal","rio tinto",26545,20.118,0.36,6.8,2.008
"184",216,492,"SUB","coal","coal","peabody coal",14009,17.496,0.16,4.7,1.31
"185",217,493,"NG","gas","natural_gas","colorado springs utilities energy supply dept",2289,0.999,0,0,6.39
"186",218,493,"NG","gas","natural_gas","colorado springs utilities energy supply dept",1668,0.999,0,0,6.412
"187",219,525,"BIT","coal","coal","peabody coal",115560,22.512,0.5,10.2,1.431
"188",220,525,"NG","gas","natural_gas","various",336,1.084,0,0,7.2
"189",221,527,"BIT","coal","coal","new horizon mine",33674,21.23,0.75,20.8,1.379
"190",222,527,"WO","oil","petroleum","westland propane",703,3.85,0,0,21.28
"191",223,533,"NG","gas","natural_gas","chevron texaco",222709,1.027,0,0,7.704
"192",224,533,"NG","gas","natural_gas","conocophillips",226061,1.027,0,0,7.686
"193",225,533,"NG","gas","natural_gas","coral eenrgy",222709,1.027,0,0,7.674
"194",226,533,"NG","gas","natural_gas","prior energy",39520,1.027,0,0,8.776
"195",227,535,"NG","gas","natural_gas","b p energy",59,1,0,0,6.468
"196",228,535,"NG","gas","natural_gas","constellation",15,1,0,0,9.714
"197",229,535,"NG","gas","natural_gas","chevron",19,1,0,0,8.318
"198",230,535,"NG","gas","natural_gas","conocophillips",119,1,0,0,6.473
"199",231,535,"NG","gas","natural_gas","coral",5,1,0,0,8.06
"200",232,535,"NG","gas","natural_gas","enserco",13,1,0,0,8.057
"201",233,535,"NG","gas","natural_gas","iberdrola renewables",2,1,0,0,4.11
"202",234,535,"NG","gas","natural_gas","louis dreyfus energy",3,1,0,0,8.489
"203",235,535,"NG","gas","natural_gas","merrill lynch",16,1,0,0,8.253
"204",236,535,"NG","gas","natural_gas","munigas - bp energy",227,1,0,0,8.428
"205",237,535,"NG","gas","natural_gas","b p energy",19,1,0,0,8.096
"206",238,535,"NG","gas","natural_gas","cargill",7,1,0,0,6.455
"207",239,535,"NG","gas","natural_gas","constellation",8,1,0,0,7.949
"208",240,535,"NG","gas","natural_gas","chevron",8,1,0,0,8.292
"209",241,535,"NG","gas","natural_gas","jp morgan",4,1,0,0,4.254
"210",242,535,"NG","gas","natural_gas","louis dreyfus energy",8,1,0,0,5.436
"211",243,535,"NG","gas","natural_gas","macquarie cook",104,1,0,0,8.065
"212",244,535,"NG","gas","natural_gas","conocophillips",17,1,0,0,8.409
"213",245,535,"NG","gas","natural_gas","coral",52,1,0,0,7.075
"214",246,535,"NG","gas","natural_gas","cargill",230,1,0,0,7.821
"215",247,535,"NG","gas","natural_gas","enserco",71,1,0,0,7.342
"216",248,535,"NG","gas","natural_gas","fb energy canada",52,1,0,0,7.084
"217",249,535,"NG","gas","natural_gas","ncg1",408,1,0,0,7.052
"218",250,535,"NG","gas","natural_gas","powerex",95,1,0,0,8.836
"219",251,535,"NG","gas","natural_gas","royal bank of canada",44,1,0,0,5.832
"220",252,535,"NG","gas","natural_gas","shell canada - sumas - northwest pipeline",20,1,0,0,8.711
"221",253,535,"NG","gas","natural_gas","j aaron @ pg&e citygate",1,1,0,0,23.217
"222",254,535,"NG","gas","natural_gas","munigas - tenaska",241,1,0,0,7.271
"223",255,535,"NG","gas","natural_gas","occidental energy marketing",11,1,0,0,6.877
"224",256,535,"NG","gas","natural_gas","rosa unit @ milagro",604,1,0,0,3.923
"225",257,535,"NG","gas","natural_gas","sequent",6,1,0,0,10.273
"226",258,535,"NG","gas","natural_gas","macquarie cook",12,1,0,0,8.556
"227",259,535,"NG","gas","natural_gas","citigroup",3,1,0,0,9.234
"228",260,535,"NG","gas","natural_gas","conocophillips",19,1,0,0,6.837
"229",261,535,"NG","gas","natural_gas","coral",2,1,0,0,8.118
"230",262,535,"NG","gas","natural_gas","enserco",10,1,0,0,7.8
"231",263,535,"NG","gas","natural_gas","fortis energy",2,1,0,0,6.601
"232",264,535,"NG","gas","natural_gas","iberdrola renewables",8,1,0,0,8.599
"233",265,535,"NG","gas","natural_gas","jp morgan",3,1,0,0,9.75
"234",266,535,"NG","gas","natural_gas","louis dreyfus energy",3,1,0,0,3.952
"235",267,535,"NG","gas","natural_gas","merrill lynch",6,1,0,0,5.445
"236",268,535,"NG","gas","natural_gas","munigas - bp energy",56,1,0,0,9.889
"237",269,535,"NG","gas","natural_gas","munigas - tenaska",8,1,0,0,8.076
"238",270,535,"NG","gas","natural_gas","occidental energy marketing",7,1,0,0,9.218
"239",271,535,"NG","gas","natural_gas","pacific summit",3,1,0,0,3.867
"240",272,535,"NG","gas","natural_gas","p g & e",20,1,0,0,8.285
"241",273,535,"NG","gas","natural_gas","powerex",8,1,0,0,9.808
"242",274,535,"NG","gas","natural_gas","sequent",4,1,0,0,9.007
"243",275,535,"NG","gas","natural_gas","suncor energy",7,1,0,0,9.703
"244",276,535,"NG","gas","natural_gas","sempra",45,1,0,0,6.886
"245",277,535,"NG","gas","natural_gas","wild goose storage",11,1,0,0,6.534
"246",278,535,"NG","gas","natural_gas","b p energy",13,1,0,0,5.128
"247",279,535,"NG","gas","natural_gas","constellation",76,1,0,0,6.414
"248",280,535,"NG","gas","natural_gas","citigroup",18,1,0,0,3.447
"249",281,535,"NG","gas","natural_gas","b p canada",255,1,0,0,6.245
"250",282,535,"NG","gas","natural_gas","coral",179,1,0,0,5.19
"251",283,535,"NG","gas","natural_gas","conocophillips",25,1,0,0,5.102
"252",284,535,"NG","gas","natural_gas","coral",25,1,0,0,5.211
"253",285,535,"NG","gas","natural_gas","fortis energy",25,1,0,0,5.337
"254",286,535,"NG","gas","natural_gas","merrill lynch",9,1,0,0,3.244
"255",287,535,"NG","gas","natural_gas","munigas - bp energy",145,1,0,0,7.299
"256",288,535,"NG","gas","natural_gas","munigas - tenaska",12,1,0,0,5.327
"257",289,535,"NG","gas","natural_gas","shell energy north america",12,1,0,0,6.513
"258",290,535,"NG","gas","natural_gas","sempra",11,1,0,0,7.732
"259",291,535,"NG","gas","natural_gas","occidental energy marketing",8,1,0,0,4.13
"260",292,535,"NG","gas","natural_gas","pacific summit",8,1,0,0,5.61
"261",293,535,"NG","gas","natural_gas","shell energy north america",9,1,0,0,2.906
"262",294,535,"NG","gas","natural_gas","sempra",35,1,0,0,4.496
"263",299,550,"NG","gas","natural_gas","various",14787,1.021,0,0,8.074
"264",305,564,"BIT","coal","coal","teco coal",73261,25.67,1.36,7.7,2.102
"265",306,564,"BIT","coal","coal","james river",32146,25.44,1.25,10.1,2.768
"266",307,564,"BIT","coal","coal","massey",32108,24.32,0.81,12.5,2.881
"267",308,564,"BIT","coal","coal","name pending",9941,25.06,1.39,10.8,2.742
"268",309,564,"BIT","coal","coal","icg",11096,22.19,1.18,11.1,2.761
"269",310,564,"BIT","coal","coal","black mountain",52328,25.07,1.06,10.7,2.453
"270",311,564,"DFO","oil","petroleum","royal petroleum",533,5.8,0.1,0,19.617
"271",314,589,"NG","gas","natural_gas","vermont gas systems",3324,1.004,0,0,9.143
"272",344,607,"NG","gas","natural_gas","enserco",950,1.03,0,0,9.234
"273",345,607,"NG","gas","natural_gas","puget sound energy",6762,1.03,0,0,6.107
"274",346,607,"NG","gas","natural_gas","bp canada",4747,1.03,0,0,8.108
"275",347,609,"NG","gas","natural_gas","florida gas transmission",397566,1.027,0,0,9.38
"276",348,612,"NG","gas","natural_gas","florida gas transmission",4731545,1.023,0,0,9.386
"277",349,613,"NG","gas","natural_gas","florida gas transmission",3701203,1.026,0,0,9.386
"278",350,617,"NG","gas","natural_gas","florida gas transmission",970067,1.026,0,0,9.386
"279",351,619,"NG","gas","natural_gas","florida gas transmission",732643,1.026,0,0,9.386
"280",352,620,"NG","gas","natural_gas","florida gas transmission",4823176,1.027,0,0,9.386
"281",353,621,"NG","gas","natural_gas","florida gas transmission",3901937,1.026,0,0,9.386
"282",354,624,"NG","gas","natural_gas","bpe",10549,1.033,0,0,8.753
"283",355,628,"BIT","coal","coal","constellation energy commodities group, inc.",10948,26.04,0.7,10.2,3.497
"284",356,628,"BIT","coal","coal","massey",57655,25.39,0.71,11.2,3.422
"285",357,628,"BIT","coal","coal","massey",10372,24.49,0.84,12.7,3.16
"286",358,628,"BIT","coal","coal","trinity coal",21777,24.46,0.89,10.8,3.21
"287",359,628,"BIT","coal","coal","massey",11426,24.83,0.86,12.1,3.132
"288",360,628,"BIT","coal","coal","b & w resources",23171,24.37,0.93,9.9,3.187
"289",361,628,"BIT","coal","coal","b & w resources",11605,25.02,0.94,9,3.245
"290",362,628,"BIT","coal","coal","consol",45852,25.1,1.11,8.5,3.265
"291",363,628,"BIT","coal","coal","icg, llc",11520,25.11,0.99,10.3,3.082
"292",364,628,"BIT","coal","coal","icg, llc",34648,24.26,1.16,11.7,3.192
"293",365,628,"BIT","coal","coal","constellation energy commodities group, inc.",22367,25.38,0.85,9,3.302
"294",366,628,"BIT","coal","coal","mc mining",22280,25.39,0.65,8.7,3.603
"295",367,630,"NG","gas","natural_gas","bpe",34282,1.03,0,0,8.516
"296",368,634,"NG","gas","natural_gas","b p energy",7522,1.028,0,0,7.8
"297",369,634,"RFO","oil","petroleum","rio energy international, inc",449954,6.67,1.14,0,9.19
"298",370,638,"NG","gas","natural_gas","bp energy company",21843,1.025,0,0,1.9
"299",371,641,"BIT","coal","coal","arch",226275,23.11,0.49,5.5,3.33
"300",372,641,"BIT","coal","coal","arch",5091,24.722,0.5,8.2,3.329
"301",373,641,"NG","gas","natural_gas","gulf south",7341,1.031,0,0,7.911
"302",374,642,"BIT","coal","coal","alpha coal",775,25,1,12,2.713
"303",375,642,"BIT","coal","coal","alpha coal",10177,22.04,0.8,9.7,3.126
"304",376,642,"BIT","coal","coal","koch",3117,24.8,1.12,10.9,6.243
"305",377,642,"BIT","coal","coal","constellation",711,25,1,12,4.335
"306",378,642,"DFO","oil","petroleum","petroleum traders",19,5.801,0,0,17.729
"307",379,643,"BIT","coal","coal","arch",33106,24.722,0.5,8.2,3.425
"308",380,643,"BIT","coal","coal","arch",69710,23.11,0.49,5.5,2.408
"309",381,643,"DFO","oil","petroleum","petroleum traders",181,5.824,0,0,19.344
"310",382,643,"NG","gas","natural_gas","fgt",1655740,1.03,0,0,9.404
"311",383,658,"NG","gas","natural_gas","florida gas",2846,1.03,0,0,10.407
"312",384,663,"BIT","coal","coal","massey",34667,26,0.7,10.2,3.09
"313",385,663,"NG","gas","natural_gas","the energy authority",124356,1.028,0,0,10.182
"314",386,664,"NG","gas","natural_gas","energy authority",10994,1.027,0,0,10.182
"315",387,665,"DFO","oil","petroleum","name pending",135,5.9,0,0,11.974
"316",388,665,"NG","gas","natural_gas","florida gas",8724,1.04,0,0,8.179
"317",389,666,"NG","gas","natural_gas","florida gas transmission",48274,1.054,0,0,10.715
"318",390,667,"BIT","coal","coal","cmc",8884,19.204,0.69,18.6,3.424
"319",391,667,"NG","gas","natural_gas","florida gas transmission",140713,1.054,0,0,10.715
"320",392,667,"PC","coal","petroleum_coke","energy coal",31911,28.1,6.05,0.54,2.601
"321",393,667,"PC","coal","petroleum_coke","oxbow",31686,28.338,5.44,0.54,2.617
"322",394,667,"PC","coal","petroleum_coke","oxbow",36440,28.354,3.68,0.54,1.589
"323",395,667,"PC","coal","petroleum_coke","oxbow",37948,28.186,3.28,0.54,1.626
"324",396,667,"RFO","oil","petroleum","bp",18206,6.485,1.44,0,7.031
"325",397,667,"RFO","oil","petroleum","bp",6430,6.485,1.44,0,6.993
"326",398,672,"NG","gas","natural_gas","fgu",4188,1.032,0,0,10.175
"327",399,673,"DFO","oil","petroleum","royal petroleum",74,5.85,0.04,0,9.997
"328",400,673,"NG","gas","natural_gas","fgt",18612,1.032,0,0,8.373
"329",401,675,"DFO","oil","petroleum","fleetwing",149,5.796,0.06,0,19.339
"330",402,675,"NG","gas","natural_gas","fgt",40892,1.027,0,0,10.488
"331",403,675,"NG","gas","natural_gas","gulfstream",21999,1.027,0,0,10.695
"332",404,676,"BIT","coal","coal","new coal",20212,25.959,1.01,8.3,2.757
"333",405,676,"BIT","coal","coal","james river",10256,24.384,1.25,12.5,2.6
"334",406,676,"BIT","coal","coal","massey",8768,24.854,0.77,12,2.673
"335",407,676,"BIT","coal","coal","massey",9583,24.784,1.44,10.5,2.666
"336",408,676,"BIT","coal","coal","constellation",10573,24.728,1.51,9.4,2.583
"337",409,676,"BIT","coal","coal","constellation",10456,25.922,1.49,7.7,2.471
"338",410,676,"NG","gas","natural_gas","fgt",144835,1.025,0,0,9.689
"339",411,676,"NG","gas","natural_gas","gulfstream",45383,1.025,0,0,9.689
"340",412,688,"NG","gas","natural_gas","fgt",795442,1.029,0,0,9.22
"341",413,689,"NG","gas","natural_gas","fgt",855284,1.028,0,0,9.22
"342",414,693,"NG","gas","natural_gas","florida gas",35376,1.045,0,0,8.771
"343",415,693,"NG","gas","natural_gas","florida gas",12157,1.045,0,0,9.905
"344",416,703,"BIT","coal","coal","nally & hamilton",22220,25,0.93,9.9,3.398
"345",417,703,"BIT","coal","coal","nally & hamilton",10450,24,1.24,11.1,2.259
"346",418,703,"BIT","coal","coal","converse & co",21250,24.9,1.05,7.9,2.952
"347",419,703,"BIT","coal","coal","alliance coal",10680,25.3,0.95,10.3,3.065
"348",420,703,"BIT","coal","coal","raven crest",21845,24.7,0.77,10.8,3.313
"349",421,703,"BIT","coal","coal","james river",65887,25.4,1.19,9.5,2.952
"350",422,703,"BIT","coal","coal","perry county",43867,25.5,0.93,7.8,3.365
"351",423,703,"BIT","coal","coal","nally & hamilton",11185,24,1.08,10.8,3.006
"352",424,703,"BIT","coal","coal","icg, llc",21966,24.5,1.14,11,2.939
"353",425,703,"BIT","coal","coal","chas coal",20132,25.2,1.42,10.6,2.777
"354",426,703,"BIT","coal","coal","pine branch",116674,23.6,0.88,12.8,3.035
"355",427,703,"BIT","coal","coal","sequoia energy",21467,25.5,1.06,10,2.844
"356",428,703,"BIT","coal","coal","marshall resources",54586,24.9,1.15,12,3.32
"357",429,703,"BIT","coal","coal","alliance coal",52849,25.2,1.02,10.2,2.811
"358",430,703,"BIT","coal","coal","james river",22322,25,0.98,10.2,3.04
"359",431,703,"BIT","coal","coal","james river",33081,25,1.43,10.2,2.971
"360",432,703,"BIT","coal","coal","pine branch",21200,23.9,0.87,11.6,3.528
"361",433,703,"BIT","coal","coal","consol",63949,24.6,1.23,10.8,3.311
"362",434,703,"DFO","oil","petroleum","petroleum traders",4475,5.817,0,0,21.767
"363",435,708,"BIT","coal","coal","matrix",63411,25.034,1.37,8.6,2.908
"364",436,708,"BIT","coal","coal","converse & co",12586,25.818,1.04,7.2,3.086
"365",437,708,"BIT","coal","coal","alliance coal",63662,25.157,0.88,11.7,3.119
"366",438,708,"BIT","coal","coal","elm street",22421,25.208,0.81,10.2,3.155
"367",439,708,"BIT","coal","coal","delta coals",37157,25.201,1.49,11.3,2.826
"368",440,708,"DFO","oil","petroleum","truman arnold companies",2193,5.817,0,0,21.12
"369",441,709,"BIT","coal","coal","miller brothers",93320,24.07,1.2,12.8,2.531
"370",442,709,"BIT","coal","coal","james river",61578,25.01,1.4,10.2,2.971
"371",443,709,"BIT","coal","coal","james river",10791,25.04,1,10.2,3.041
"372",444,709,"BIT","coal","coal","james river",32480,25.65,1.7,7.6,3.082
"373",445,709,"BIT","coal","coal","icg, llc",76601,24.53,1.1,11,2.912
"374",446,709,"DFO","oil","petroleum","mansfield oil",2335,5.82,0,0,20.11
"375",447,710,"BIT","coal","coal","alliance coal",73603,25.162,1.02,10.2,2.788
"376",448,710,"BIT","coal","coal","alliance coal",10789,25.289,0.95,10.3,3.044
"377",449,727,"BIT","coal","coal","alliance coal",10445,25.162,1.02,10.2,3.195
"378",450,728,"BIT","coal","coal","pittsburgh & midway",111475,24.41,1.79,11.5,2.705
"379",451,728,"BIT","coal","coal","enterprise",50789,25.48,1.01,8.9,2.855
"380",452,728,"BIT","coal","coal","alliance coal",25508,25.16,0.88,11.7,3.227
"381",453,728,"BIT","coal","coal","interocean coal sales",23029,23.05,0.47,4.8,3.742
"382",454,728,"BIT","coal","coal","delta coals",12354,23.2,0.97,14,2.869
"383",455,728,"BIT","coal","coal","arch",12793,25.45,1.31,9.7,3.206
"384",456,728,"BIT","coal","coal","converse & co",24639,26.04,0.95,6,3.162
"385",457,728,"DFO","oil","petroleum","ga tank lines",364,5.817,0,0,21.688
"386",458,728,"DFO","oil","petroleum","petroleum traders corporation",716,5.817,0,0,21.688
"387",521,899,"NG","gas","natural_gas","midamerican energy",446,1.013,0,0,4.766
"388",522,913,"NG","gas","natural_gas","mississippi river trans corp",130888,1.025,0,0,7.828
"389",523,963,"BIT","coal","coal","icg",75962,20.828,3.25,9.3,1.749
"390",524,964,"BIT","coal","coal","icg",15541,20.9,3.19,9.2,1.553
"391",525,964,"DFO","oil","petroleum","mansfield",177,5.8,0.01,0,18.942
"392",526,976,"BIT","coal","coal","s-coal",39970,22.57,3.17,11.5,1.798
"393",527,976,"DFO","oil","petroleum","edwarda oil",1422,5.689,0.2,0,26.94
"394",528,976,"NG","gas","natural_gas","proliance energy",42000,1.03,0,0,8.46
"395",529,976,"NG","gas","natural_gas","occidental energy",22000,1.03,0,0,8.55
"396",530,976,"WC","coal","coal","pitco",314,18.64,2.01,16.3,0.947
"397",531,976,"WC","coal","coal","siri/fidelity",19807,15.83,2.26,20.9,0.923
"398",535,983,"BIT","coal","coal","peabody coal",13450,26.598,2.56,7.4,1.948
"399",536,983,"BIT","coal","coal","consol",37916,26.096,2.78,7.9,2.151
"400",537,983,"BIT","coal","coal","cumberland",37595,26.318,2.59,7.9,2.014
"401",538,983,"BIT","coal","coal","cumberland",11152,26.284,2.65,8.1,2.165
"402",539,983,"BIT","coal","coal","cyprus emerald resources",26048,26.248,2.69,8.2,2.734
"403",540,983,"BIT","coal","coal","cyprus emerald resources",12853,26.198,3.14,8.2,2.71
"404",541,983,"BIT","coal","coal","cumberland",19334,26.186,2.73,8.1,2.744
"405",542,983,"DFO","oil","petroleum","key oil",1096,5.712,0.3,0,21.024
"406",543,983,"DFO","oil","petroleum","bullock oil",538,5.712,0.3,0,19.478
"407",544,983,"SUB","coal","coal","rio tinto",16056,17.886,0.19,4.9,1.503
"408",545,983,"SUB","coal","coal","powder river",130098,17.596,0.18,4.6,1.548
"409",546,988,"BIT","coal","coal","magnum",42100,24.192,0.63,12,2.369
"410",547,988,"BIT","coal","coal","bowie",10700,23.96,0.5,8.4,1.824
"411",548,988,"BIT","coal","coal","magnum",13300,24.36,0.64,11.1,2.268
"412",549,988,"DFO","oil","petroleum","marathon petroleum",1800,5.813,0,0,18.824
"413",550,988,"DFO","oil","petroleum","marathon petroleum",1200,5.813,0,0,18.824
"414",551,988,"SUB","coal","coal","peabody coal",16100,17.368,0.18,4.5,1.922
"415",552,990,"BIT","coal","coal","black beauty",39660,21.654,1.33,8.4,1.792
"416",553,990,"BIT","coal","coal","sunrise ag",70280,22.664,3.78,8.7,1.649
"417",554,990,"BIT","coal","coal","triad",21540,22.824,3.44,8.5,1.597
"418",555,990,"DFO","oil","petroleum","heritage petroleum",6544,6.021,0.04,0,18.247
"419",556,990,"NG","gas","natural_gas","proliance",44529,1.026,0,0,8.818
"420",557,991,"BIT","coal","coal","black beauty",45250,21.596,1.14,8.6,1.788
"421",558,991,"DFO","oil","petroleum","heritage petroleum",1046,5.777,0.06,0,18.903
"422",559,994,"BIT","coal","coal","triad",49741,22.598,3.2,7.9,1.395
"423",560,994,"BIT","coal","coal","solar sources",41400,22.626,2.22,6.9,1.727
"424",561,994,"BIT","coal","coal","triad",11312,22.944,3.18,8.5,1.396
"425",562,994,"BIT","coal","coal","prosperity",48371,23.078,2.14,6.7,1.523
"426",563,994,"BIT","coal","coal","black beauty",247630,21.97,3.18,9.6,1.066
"427",564,994,"BIT","coal","coal","black beauty",47430,22.702,2.83,7.4,1.112
"428",565,994,"DFO","oil","petroleum","heritage petroleum",1258,5.75,0.06,0,19.79
"429",566,995,"BIT","coal","coal","alliance coal",102023,23.31,2.84,7.1,1.914
"430",567,995,"NG","gas","natural_gas","nisource",35150,1.02,0,0,8.247
"431",568,997,"BIT","coal","coal","constellation",12360,25.954,3.08,8.3,2.255
"432",569,997,"NG","gas","natural_gas","nisource",3326,1.017,0,0,9.496
"433",570,997,"SUB","coal","coal","peabody coal",91703,17.454,0.19,4.5,1.789
"434",571,1001,"BIT","coal","coal","solar sources",127625,22.184,1.9,7.5,1.859
"435",572,1001,"BIT","coal","coal","peabody coal",74138,21.632,1.5,6.9,1.547
"436",573,1001,"BIT","coal","coal","prosperity",15269,22.898,2.21,6.9,1.822
"437",574,1004,"BIT","coal","coal","triad",12903,22.212,2.11,8.6,1.538
"438",575,1007,"NG","gas","natural_gas","eagle energy",615614,1.028,0,0,8.708
"439",576,1008,"BIT","coal","coal","alliance coal",9115,22.088,0.77,9.6,1.695
"440",577,1008,"BIT","coal","coal","american coal",26705,24.012,2.62,7.4,1.778
"441",578,1008,"BIT","coal","coal","patriot",9888,25.354,2.46,9.2,1.837
"442",579,1008,"BIT","coal","coal","american coal",69882,23.924,2.54,7.4,1.875
"443",580,1010,"BIT","coal","coal","peabody coal",71120,21.912,1.79,7.8,1.338
"444",581,1010,"BIT","coal","coal","peabody coal",83222,21.854,1.67,8,1.873
"445",582,1010,"DFO","oil","petroleum","hightower petroleum",1113,5.75,0.3,0,19.629
"446",583,1011,"NG","gas","natural_gas","co owned distribution",33951,1.024,0,0,10.21
"447",584,1012,"BIT","coal","coal","cypress creek mine",111585,22.292,4.1,11.7,1.74
"448",585,1012,"NG","gas","natural_gas","co owned distribution",18797,1.024,0,0,9.747
"449",586,1016,"NG","gas","natural_gas","piedmont",4361,1.032,0,0,9.012
"450",587,1016,"NG","gas","natural_gas","piedmont",16810,1.032,0,0,8.802
"451",588,1016,"NG","gas","natural_gas","piedmont",1434,1.032,0,0,9.122
"452",589,1016,"NG","gas","natural_gas","piedmont",19,1.032,0,0,9.242
"453",590,1016,"NG","gas","natural_gas","piedmont",42636,1.032,0,0,8.922
"454",591,1032,"BIT","coal","coal","black beauty",7451,23,1.95,9.8,5.379
"455",592,1032,"NG","gas","natural_gas","nipsco",3,1.001,0,0,10.27
"456",593,1040,"BIT","coal","coal","triad",4690,21.95,1.82,9.8,2.324
"457",594,1040,"BIT","coal","coal","sunrise coal",541,23.06,3.1,8,3.907
"458",595,1040,"BIT","coal","coal","sunrise coal",550,23.19,3.38,8.4,4.072
"459",596,1040,"BIT","coal","coal","oxford mining",217,23.75,4.59,10,2.169
"460",597,1040,"BIT","coal","coal","lafayette coal",374,23.14,2.33,7.1,2.566
"461",598,1040,"BIT","coal","coal","triad",4669,21.98,1.88,9.4,2.288
"462",599,1040,"BIT","coal","coal","lafayette coal",414,22.71,0.9,5.6,2.611
"463",600,1040,"BIT","coal","coal","triad",2657,22.05,1.69,10.2,2.355
"464",601,1040,"BIT","coal","coal","triad",1350,21.95,1.84,9.3,2.533
"465",602,1040,"BIT","coal","coal","oxford mining",170,23.48,4.74,11.6,2.488
"466",603,1040,"BIT","coal","coal","alcoa",471,22.25,1.7,9.6,3.99
"467",604,1040,"BIT","coal","coal","cincinnati bulk terminal",1096,24.32,2.27,8.9,4.686
"468",605,1040,"DFO","oil","petroleum","name pending",145,5.78,0.15,0,24.792
"469",606,1043,"BIT","coal","coal","corning",30428,22.9,2.26,6.7,1.301
"470",607,1043,"BIT","coal","coal","black beauty",30307,21.8,0.39,7.6,1.301
"471",608,1043,"DFO","oil","petroleum","frette energy",386,5.796,0.1,0,23.33
"472",609,1046,"BIT","coal","coal","arch",703,20,0.48,10.7,3.022
"473",610,1046,"DFO","oil","petroleum","fauser energy",9,5.88,0.06,0,13.316
"474",611,1046,"NG","gas","natural_gas","cornerstone energy",304,1.017,0,0,8.784
"475",612,1046,"SUB","coal","coal","rio tinto",15547,16.8,0.3,8.1,2.151
"476",613,1048,"NG","gas","natural_gas","interstate power & light",3070,1,0,0,9.361
"477",614,1058,"NG","gas","natural_gas","midamerican energy",258148,1.018,0,0,7.026
"478",615,1073,"NG","gas","natural_gas","midamerican energy",68363,1.016,0,0,8.974
"479",616,1073,"SUB","coal","coal","rio tinto",29470,16.85,0.36,5.6,1.564
"480",617,1073,"SUB","coal","coal","rio tinto",57900,16.93,0.28,4.7,1.644
"481",618,1077,"NG","gas","natural_gas","interstate power & light",3447,1,0,0,9.295
"482",619,1077,"PC","coal","petroleum_coke","petcoke",3380,28,5.8,0.54,1.944
"483",620,1077,"SUB","coal","coal","arch",14610,17.8,0.32,3.6,1.897
"484",621,1077,"SUB","coal","coal","rio tinto",14510,17.53,0.46,4.9,1.373
"485",622,1077,"SUB","coal","coal","arch",14700,17.58,0.26,5.2,1.601
"486",623,1079,"NG","gas","natural_gas","midamerican energy",33,1.016,0,0,15.849
"487",624,1081,"NG","gas","natural_gas","midamerican energy",45780,1.018,0,0,8.987
"488",625,1081,"SUB","coal","coal","arch",26816,17.769,0.28,5.1,1.222
"489",626,1081,"SUB","coal","coal","foundation coal",1072,17.052,0.24,4.3,1.127
"490",627,1081,"SUB","coal","coal","foundation coal",1056,17.022,0.27,4.7,1.253
"491",628,1081,"SUB","coal","coal","arch",2302,17.59,0.33,5.6,1.159
"492",629,1081,"SUB","coal","coal","coaltrade",1156,16.8,0.35,5.6,1.263
"493",630,1081,"SUB","coal","coal","arch",1184,17.318,0.33,7,1.295
"494",631,1081,"SUB","coal","coal","rio tinto",1068,17.52,0.22,5.3,1.228
"495",632,1081,"SUB","coal","coal","rio tinto",3170,17.684,0.41,5.2,1.038
"496",633,1081,"SUB","coal","coal","arch",4593,17.638,0.38,5,1.15
"497",634,1082,"DFO","oil","petroleum","heartland fuel products",6072,5.712,0.13,0,20.728
"498",635,1082,"DFO","oil","petroleum","fauser energy",2500,5.712,0.13,0,19.241
"499",636,1082,"NG","gas","natural_gas","constellation new energy",1823,1.022,0,0,7.047
"500",637,1082,"SUB","coal","coal","union pacific railroad",888,16.862,0.28,5.2,0.343
"501",638,1082,"SUB","coal","coal","rio tinto",57616,17.122,0.28,5,0.899
"502",639,1082,"SUB","coal","coal","arch",162916,16.622,0.31,5.6,0.926
"503",640,1082,"SUB","coal","coal","foundation coal",165479,17.09,0.26,4.6,0.981
"504",641,1082,"SUB","coal","coal","foundation coal",116,17.238,0.23,4,0.819
"505",642,1082,"SUB","coal","coal","foundation coal",87975,17.16,0.24,4.3,0.794
"506",643,1082,"SUB","coal","coal","arch",58248,16.594,0.32,5.7,0.882
"507",644,1082,"SUB","coal","coal","coaltrade",15229,16.738,0.31,5.4,0.962
"508",645,1082,"SUB","coal","coal","arch",44831,16.664,0.3,5.7,0.893
"509",646,1084,"NG","gas","natural_gas","midamerican energy",896,1.018,0,0,9.349
"510",647,1091,"NG","gas","natural_gas","midamerican energy company",107808,1.016,0,0,9.297
"511",648,1091,"SUB","coal","coal","coalsales",54293,17.035,0.35,5.5,0.96
"512",649,1091,"SUB","coal","coal","peabody coal",54025,17.238,0.25,4.1,0.912
"513",650,1091,"SUB","coal","coal","rio tinto",95830,17.536,0.37,5,0.867
"514",651,1091,"SUB","coal","coal","rio tinto",40664,17.539,0.26,5.6,0.992
"515",652,1091,"SUB","coal","coal","rio tinto",14652,17.328,0.25,4.3,1.021
"516",653,1091,"SUB","coal","coal","arch",118,17.724,0.31,5,1.108
"517",654,1104,"DFO","oil","petroleum","fuser oil",368,5.9,0.13,0,20.55
"518",655,1104,"NG","gas","natural_gas","interstate power & light",1720,1.026,0,0,9.345
"519",656,1104,"SUB","coal","coal","triton coal",14650,16.77,0.34,5,1.104
"520",657,1104,"SUB","coal","coal","triton coal",28420,16.64,0.33,5,1.322
"521",658,1104,"SUB","coal","coal","foundation coal",14530,16.83,0.34,3.4,1.453
"522",659,1104,"SUB","coal","coal","triton coal",13880,16.85,0.31,4.4,1.053
"523",660,1122,"DFO","oil","petroleum","keck oil",415,5.669,0.02,0,19.889
"524",661,1122,"SUB","coal","coal","peabody coal",23577,17.339,0.21,4.6,2.277
"525",662,1130,"NG","gas","natural_gas","northern natural",437,1,0,0,9.739
"526",663,1131,"BIT","coal","coal","name pending",459,22.8,3.42,10,2.836
"527",664,1131,"BIT","coal","coal","alpha coal",805,24.6,0.48,6.3,2.652
"528",665,1131,"NG","gas","natural_gas","northern natural",346,1,0,0,7.629
"529",666,1131,"NG","gas","natural_gas","northern natural",1009,1,0,0,7.413
"530",667,1167,"NG","gas","natural_gas","alliant",493,1.011,0,0,12.657
"531",668,1167,"SUB","coal","coal","triton",13916,16.83,0.66,6.8,1.216
"532",669,1167,"SUB","coal","coal","triton",83802,16.69,0.33,4.7,1.246
"533",670,1206,"NG","gas","natural_gas","ngpl",4105,1.016,0,0,9.167
"534",671,1218,"BIT","coal","coal","coaltek",359,22.81,0.95,8,2.353
"535",672,1218,"BIT","coal","coal","alliance coal",10635,21.963,0.97,10.4,2.583
"536",673,1218,"BIT","coal","coal","knight hawk",6639,22.224,2.92,9.3,1.909
"537",674,1218,"NG","gas","natural_gas","midamerican energy",20,1.018,0,0,11.131
"538",675,1230,"NG","gas","natural_gas","andarko",21256,0.971,0,0,5.97
"539",676,1233,"NG","gas","natural_gas","aquila",430377,0.996,0,0,6.499
"540",677,1235,"NG","gas","natural_gas","tenaska gas",40,1,0,0,5.165
"541",678,1235,"NG","gas","natural_gas","oneok",571,1,0,0,5.957
"542",679,1239,"NG","gas","natural_gas","bp energy",13293,1.032,0,0,7.7
"543",680,1239,"NG","gas","natural_gas","various",100260,1.032,0,0,8.456
"544",681,1239,"PC","coal","petroleum_coke","oxbow carbon & minerals",4386,28.542,5.1,0.54,1.481
"545",682,1239,"SUB","coal","coal","arch",30643,17.656,0.3,5.2,1.691
"546",683,1240,"NG","gas","natural_gas","various",148028,1.021,0,0,9.459
"547",684,1240,"NG","gas","natural_gas","various",478877,1.021,0,0,7.834
"548",685,1241,"BIT","coal","coal","continental",10905,22.082,3.96,16.2,1.765
"549",686,1241,"BIT","coal","coal","continental",14144,21.586,3.56,16.1,1.805
"550",687,1241,"DFO","oil","petroleum","energy express",4925,5.749,0.05,0,18.898
"551",688,1241,"DFO","oil","petroleum","carter energy",4039,5.749,0.05,0,19.071
"552",689,1241,"SUB","coal","coal","peabody coal",14430,16.916,0.34,5.8,1.143
"553",690,1241,"SUB","coal","coal","rio tinto",28526,16.824,0.28,5.5,1.077
"554",691,1241,"SUB","coal","coal","arch",73154,17.602,0.29,5.4,0.944
"555",692,1241,"SUB","coal","coal","peabody coal",118762,17.022,0.34,5.2,1.239
"556",693,1241,"SUB","coal","coal","rio tinto",13234,16.83,0.28,5.3,1.225
"557",694,1241,"SUB","coal","coal","rio tinto",14878,17.348,0.23,4.2,1.041
"558",695,1241,"SUB","coal","coal","foundation coal",44296,16.998,0.25,4.5,0.894
"559",696,1241,"SUB","coal","coal","rio tinto",15734,16.922,0.33,5.5,0.862
"560",697,1241,"SUB","coal","coal","rio tinto",117044,17.53,0.39,5,0.916
"561",698,1241,"SUB","coal","coal","rio tinto",58045,17.628,0.87,6.6,1.051
"562",699,1241,"SUB","coal","coal","rio tinto",54646,16.86,0.33,5.6,1.222
"563",700,1242,"NG","gas","natural_gas","various",164008,1.04,0,0,7.834
"564",701,1248,"NG","gas","natural_gas","various",92829,1.033,0,0,8.35
"565",702,1250,"NG","gas","natural_gas","various",1945,1.019,0,0,11.707
"566",703,1250,"SUB","coal","coal","arch",212522,17.73,0.29,5.1,1.22
"567",704,1252,"NG","gas","natural_gas","various",4192,1.018,0,0,11.707
"568",705,1252,"SUB","coal","coal","arch",82164,17.73,0.28,5,1.224
"569",706,1268,"NG","gas","natural_gas","constellation",12850,1,0,0,8.784
"570",707,1271,"DFO","oil","petroleum","name pending",27,6.2,0.01,0,12.489
"571",708,1271,"NG","gas","natural_gas","southern star central pipeline",1189,1.1,0,0,7.727
"572",709,1295,"NG","gas","natural_gas","oneok energy marketing & trading",40051,1.011,0,0,8.329
"573",710,1295,"SUB","coal","coal","arch",54756,17.74,0.3,5.2,1.401
"574",711,1295,"SUB","coal","coal","rio tinto",13837,17.6,0.43,4.8,1.41
"575",712,1305,"NG","gas","natural_gas","kansas gas service",1383,1.027,0,0,9.68
"576",713,1336,"NG","gas","natural_gas","aquila",3068,1.053,0,0,7.106
"577",714,1353,"BIT","coal","coal","central coal",10600,24.834,0.94,10.8,2.206
"578",715,1353,"BIT","coal","coal","peabody coal sales",9700,24.746,0.91,11.9,2.113
"579",716,1353,"BIT","coal","coal","peabody coal sales",8900,25.16,0.69,10.5,2.109
"580",717,1353,"BIT","coal","coal","argus",17700,24.258,0.78,9.8,2.197
"581",718,1353,"BIT","coal","coal","name pending",28600,24.8,0.71,12.7,2.578
"582",719,1353,"BIT","coal","coal","nally & hamilton",31800,24.418,0.87,9.4,1.895
"583",720,1353,"BIT","coal","coal","cam",5400,25.652,0.68,7.7,1.602
"584",721,1353,"BIT","coal","coal","progress fuel",2600,23.544,0.88,12,2.33
"585",722,1353,"BIT","coal","coal","progress fuel",2600,23.544,0.88,12,2.33
"586",723,1353,"BIT","coal","coal","argus",9800,24.596,0.77,12,1.998
"587",724,1353,"BIT","coal","coal","laurel creek",19000,23.922,0.79,10.9,1.872
"588",725,1353,"BIT","coal","coal","progress fuel",2600,23.544,0.88,12,2.33
"589",726,1353,"BIT","coal","coal","nally & hamilton",31800,24.418,0.87,9.4,1.895
"590",727,1353,"BIT","coal","coal","trinity coal",800,24.186,0.8,11.9,2.172
"591",728,1353,"BIT","coal","coal","trinity coal",1300,24.186,0.8,11.9,2.172
"592",729,1353,"BIT","coal","coal","trinity coal",1300,24.186,0.8,11.9,2.172
"593",730,1353,"BIT","coal","coal","trinity coal",1300,24.186,0.8,11.9,2.172
"594",731,1353,"BIT","coal","coal","trinity coal",1300,24.186,0.8,11.9,2.172
"595",732,1353,"BIT","coal","coal","appalachian",31500,24.064,0.88,11.3,2.247
"596",733,1353,"BIT","coal","coal","rhino energy",5400,25.03,0.94,10.5,2.129
"597",734,1353,"BIT","coal","coal","trinity coal",1300,24.186,0.8,11.9,2.172
"598",735,1353,"BIT","coal","coal","trinity coal",800,24.186,0.8,11.9,2.172
"599",736,1353,"BIT","coal","coal","trinity coal",800,24.186,0.8,11.9,2.172
"600",737,1353,"BIT","coal","coal","icg",20400,24.79,0.98,10.3,2.182
"601",738,1353,"BIT","coal","coal","trinity coal",800,24.186,0.8,11.9,2.172
"602",739,1353,"BIT","coal","coal","name pending",10300,25.48,0.69,8.6,2.27
"603",740,1353,"BIT","coal","coal","rhino energy",5400,25.03,0.94,10.5,2.129
"604",741,1353,"BIT","coal","coal","trinity coal",800,24.186,0.8,11.9,2.172
"605",742,1353,"BIT","coal","coal","massey",9900,24.464,0.7,13.3,2.509
"606",743,1353,"BIT","coal","coal","root hog coal",6000,23.674,0.91,11.7,2.288
"607",744,1353,"BIT","coal","coal","cam",5400,25.652,0.68,7.7,1.602
"608",745,1353,"BIT","coal","coal","progress fuel",2600,23.544,0.88,12,2.33
"609",746,1353,"DFO","oil","petroleum","clark oil",700,5.817,0,0,18.925
"610",747,1355,"BIT","coal","coal","international coal group",17889,24.006,1.54,12.7,2.425
"611",748,1355,"BIT","coal","coal","international coal group",10154,24.944,1.39,9.8,2.433
"612",749,1355,"BIT","coal","coal","little elk mining",11091,24.339,1.85,11.2,2.441
"613",750,1355,"BIT","coal","coal","little elk mining",55466,23.946,1.7,12.2,2.518
"614",751,1355,"BIT","coal","coal","alpha coal",32823,25.336,1.04,9.5,2.287
"615",752,1355,"DFO","oil","petroleum","marathon petroleum",11397,5.88,0,0,19.639
"616",753,1355,"DFO","oil","petroleum","key oil",3239,5.88,0,0,18.618
"617",754,1355,"NG","gas","natural_gas","tgp",177405,1.025,0,0,8.897
"618",755,1356,"BIT","coal","coal","name pending",1631,25.402,0.66,8.6,2.903
"619",756,1356,"BIT","coal","coal","name pending",26766,25.326,0.59,6.8,2.54
"620",757,1356,"BIT","coal","coal","koch carbon",13173,23.578,0.66,14,3.027
"621",758,1356,"BIT","coal","coal","perry county",27212,25.957,0.73,6.7,3.068
"622",759,1356,"BIT","coal","coal","sands hill",10010,22.873,2.69,8.4,1.807
"623",760,1356,"BIT","coal","coal","patriot",15680,21.493,3.3,10.7,1.576
"624",761,1356,"BIT","coal","coal","name pending",17180,25.818,0.65,7.3,2.479
"625",762,1356,"BIT","coal","coal","arch",36679,24.062,0.69,12.5,2.857
"626",763,1356,"BIT","coal","coal","black beauty",34261,21.755,0.39,7.7,2.331
"627",764,1356,"BIT","coal","coal","consol",99270,24.859,2.78,10.5,1.503
"628",765,1356,"BIT","coal","coal","charolais",34185,22.789,3.38,11,1.636
"629",766,1356,"BIT","coal","coal","emerald",6128,21.425,2.83,11.5,1.554
"630",767,1356,"BIT","coal","coal","infinity coal",37772,24.239,0.63,12.1,2.559
"631",768,1356,"BIT","coal","coal","infinity coal",31603,24.016,0.56,12.1,2.467
"632",769,1356,"BIT","coal","coal","pleasant view mining",4392,23.568,3.26,10.8,1.544
"633",770,1356,"BIT","coal","coal","smoky mountain",23327,22.936,3.05,11.5,1.541
"634",771,1356,"BIT","coal","coal","peabody coal",6264,22.172,3.03,10.1,1.524
"635",772,1356,"DFO","oil","petroleum","heritage petroleum",1744,5.88,0,0,18.544
"636",773,1356,"DFO","oil","petroleum","key oil",2194,5.88,0,0,19.204
"637",774,1357,"BIT","coal","coal","hopkins county coal",16184,23.708,2.48,8.1,1.648
"638",775,1357,"BIT","coal","coal","armstrong coal co",6930,22.694,2.35,9.1,3.062
"639",776,1357,"BIT","coal","coal","american coal",1864,23.718,2.56,8.4,2.558
"640",777,1357,"BIT","coal","coal","american coal",8649,23.805,2.57,8.1,2.503
"641",778,1357,"BIT","coal","coal","charolais",6044,22.333,2.22,9.3,1.513
"642",779,1357,"DFO","oil","petroleum","key oil",105,5.88,0,0,22.495
"643",780,1357,"DFO","oil","petroleum","marathon ashland petroleum",50,5.88,0,0,17.07
"644",781,1357,"DFO","oil","petroleum","heritage petroleum",223,5.88,0,0,20.058
"645",782,1358,"NG","gas","natural_gas","columbia gas",238,1.025,0,0,11.8
"646",783,1361,"BIT","coal","coal","little elk mining",2593,24.854,0.83,9.6,2.7
"647",784,1361,"BIT","coal","coal","perry county",9997,24.76,0.83,10.1,2.758
"648",785,1363,"BIT","coal","coal","peabody coal",75587,22.111,3.2,10.2,1.681
"649",786,1363,"BIT","coal","coal","name pending",34119,23.168,3.4,12.7,1.676
"650",787,1363,"NG","gas","natural_gas","name pending",24920,1.025,0,0,8.632
"651",788,1364,"BIT","coal","coal","peabody coal",9368,21.42,2.94,9.8,1.521
"652",789,1364,"BIT","coal","coal","patriot",56918,21.672,3.28,10.7,1.529
"653",790,1364,"BIT","coal","coal","synfuel solutions",1102,22.83,3.43,13.4,1.581
"654",791,1364,"BIT","coal","coal","peabody coal",10917,21.441,3.26,10.2,1.544
"655",792,1364,"BIT","coal","coal","name pending",53129,23.103,3.43,11.9,1.634
"656",793,1364,"BIT","coal","coal","smoky mountain",15370,22.503,3.15,13,1.539
"657",794,1364,"BIT","coal","coal","peabody coal",6529,22.464,2.91,8.9,1.578
"658",795,1364,"BIT","coal","coal","name pending",225830,23.298,3.55,12.3,1.641
"659",796,1364,"NG","gas","natural_gas","name pending",33756,1.025,0,0,8.633
"660",797,1366,"NG","gas","natural_gas","name pending",11144,1.025,0,0,8.808
"661",798,1374,"BIT","coal","coal","patriot mine",17653,21.284,3.62,12.2,1.464
"662",799,1374,"BIT","coal","coal","name pending",17620,21.25,3.18,12.4,1.46
"663",800,1374,"BIT","coal","coal","warrior",15468,22.562,3.44,12.7,1.57
"664",801,1378,"BIT","coal","coal","peabody coal",135865,22.73,2.9,8.5,1.593
"665",802,1378,"BIT","coal","coal","alliance coal",156906,24.49,3,8.4,1.59
"666",803,1378,"BIT","coal","coal","kenamerica resources",92958,22.81,2.7,8.9,1.329
"667",804,1378,"BIT","coal","coal","kenamerica resources",61183,23.02,2.8,8.8,1.629
"668",805,1378,"BIT","coal","coal","resource sales",43974,23.9,2.9,8.9,1.227
"669",806,1378,"BIT","coal","coal","resource sales",27119,23.92,2.8,8.7,1.643
"670",807,1378,"DFO","oil","petroleum","marathon petroleum",652,5.67,0.05,0,19.162
"671",808,1379,"BIT","coal","coal","alliance coal",11956,23.2,3.6,13.5,1.592
"672",809,1379,"BIT","coal","coal","bowie",44012,24,0.6,8,1.799
"673",810,1379,"BIT","coal","coal","arch",24120,23.4,0.6,9.8,1.606
"674",811,1379,"BIT","coal","coal","arch",113603,23.67,0.5,9.8,2.315
"675",812,1379,"BIT","coal","coal","oxbow mining",43178,24.01,0.4,9.8,1.89
"676",813,1379,"BIT","coal","coal","bowie",42475,23.77,0.5,12,1.777
"677",814,1379,"BIT","coal","coal","alliance coal",11902,23.2,3.6,13.5,1.592
"678",815,1379,"DFO","oil","petroleum","murphy oil usa",169,5.67,0.05,0,19.189
"679",816,1379,"DFO","oil","petroleum","marathon petroleum",509,5.67,0.05,0,18.645
"680",817,1379,"DFO","oil","petroleum","marathon petroleum",502,5.67,0.05,0,19.379
"681",818,1379,"SUB","coal","coal","arch",31071,17.62,0.3,5.4,1.563
"682",819,1379,"SUB","coal","coal","arch",69056,17.67,0.3,5.5,1.405
"683",833,1384,"BIT","coal","coal","national coal",13601,25.67,1.14,7.5,2.323
"684",834,1384,"BIT","coal","coal","trinity coal",10114,24.49,1.74,10.6,1.987
"685",835,1384,"BIT","coal","coal","gatliff coal",20124,25.53,0.81,8.8,2.4
"686",836,1384,"BIT","coal","coal","international coal group llc",7984,22.14,0.96,18.3,2.178
"687",837,1384,"BIT","coal","coal","trinity coal",3570,21.33,0.88,20.3,1.848
"688",838,1384,"BIT","coal","coal","ikerd coal company llc",2885,22.59,1.35,10.9,1.915
"689",839,1384,"BIT","coal","coal","trinity coal",7698,24.37,1.65,10.8,1.945
"690",840,1384,"DFO","oil","petroleum","american pride",179,5.82,0.5,0,18.934
"691",841,1384,"DFO","oil","petroleum","southern petroleum",168,5.82,0.5,0,18.45
"692",842,1385,"BIT","coal","coal","trinity coal",9945,24.84,0.85,9.2,2.341
"693",843,1385,"BIT","coal","coal","gatliff coal",20672,25.05,0.9,8.6,2.449
"694",844,1385,"BIT","coal","coal","trinity coal",5958,24.96,0.9,8.9,2.419
"695",845,1385,"DFO","oil","petroleum","kentucky petroleum",167,5.82,0.5,0,19.751
"696",846,1385,"DFO","oil","petroleum","kentucky petroleum",167,5.82,0.5,0,19.012
"697",847,1385,"DFO","oil","petroleum","bulk plants",180,5.82,0.5,0,18.934
"698",851,1393,"LIG","coal","coal","red river",1106,14.31,0.62,14.4,3.347
"699",852,1393,"NG","gas","natural_gas","targa",9818,1.06,0,0,8.118
"700",853,1393,"NG","gas","natural_gas","tennessee gas pipeline",2016,1.022,0,0,8.399
"701",854,1393,"NG","gas","natural_gas","texas eastern transmission company",375520,1.029,0,0,8.162
"702",855,1393,"NG","gas","natural_gas","targa",141399,1.014,0,0,7.735
"703",856,1393,"PC","coal","petroleum_coke","conocophillips",51560,29.4,6.61,0.54,1.602
"704",857,1393,"SUB","coal","coal","rio tinto",73142,17.58,0.35,5.3,2.615
"705",858,1393,"SUB","coal","coal","peabody coal",115833,17.46,0.41,5.3,2.56
"706",859,1393,"SUB","coal","coal","peabody coal",29248,17.52,0.47,5.1,1.892
"707",860,1393,"SUB","coal","coal","merrill lynch",28990,17.57,0.31,5.2,2.617
"708",861,1393,"SUB","coal","coal","peabody coal trade",25256,17.65,0.33,5.2,2.733
"709",862,1394,"NG","gas","natural_gas","bridgeline",3680,1.028,0,0,8.997
"710",864,1400,"NG","gas","natural_gas","columbia gulf",23490,1.022,0,0,7.383
"711",865,1400,"NG","gas","natural_gas","bp energy",14677,1.022,0,0,8.095
"712",866,1400,"NG","gas","natural_gas","sequent energy",34247,1.022,0,0,7.812
"713",867,1400,"NG","gas","natural_gas","oneok energy services",26419,1.022,0,0,8.172
"714",868,1400,"NG","gas","natural_gas","noble gas marketing",322896,1.022,0,0,7.472
"715",869,1400,"NG","gas","natural_gas","enjet",68493,1.022,0,0,7.773
"716",870,1400,"NG","gas","natural_gas","crosstex",1272,1.022,0,0,8.405
"717",871,1400,"NG","gas","natural_gas","coral energy",6556,1.022,0,0,8.444
"718",872,1400,"NG","gas","natural_gas","citigroup",210372,1.022,0,0,8.337
"719",873,1400,"NG","gas","natural_gas","chevron texaco",322896,1.022,0,0,7.476
"720",874,1402,"NG","gas","natural_gas","bridgeline",394505,1.017,0,0,8.728
"721",875,1402,"NG","gas","natural_gas","evangeline gas pipeline",1001521,1.033,0,0,8.22
"722",876,1402,"NG","gas","natural_gas","gulf south",5054,1.03,0,0,8.769
"723",877,1402,"NG","gas","natural_gas","columbia gulf transmission",580802,1.033,0,0,8.268
"724",878,1403,"NG","gas","natural_gas","evangeline gas pipeline",1152999,1.033,0,0,8.22
"725",879,1403,"NG","gas","natural_gas","columbia gulf transmission",668641,1.033,0,0,8.268
"726",880,1403,"NG","gas","natural_gas","bridgeline",712908,1.017,0,0,8.728
"727",881,1404,"NG","gas","natural_gas","gulf south pipeline, lp",67661,1.026,0,0,9.349
"728",882,1409,"NG","gas","natural_gas","gulfsouth pipeline",1673297,1.028,0,0,8.137
"729",883,1409,"NG","gas","natural_gas","southern industrial gas pipeline",562955,1.019,0,0,8.655
"730",884,1416,"NG","gas","natural_gas","centerpoint energy",1,1.094,0,0,8.32
"731",885,1416,"NG","gas","natural_gas","regency gas",87544,1.094,0,0,8.403
"732",886,1449,"DFO","oil","petroleum","energy petroleum",3,5.7,0.39,0,19.757
"733",887,1450,"NG","gas","natural_gas","crosstex",489,1.028,0,0,7.623
"734",978,1660,"DFO","oil","petroleum","citgo",31,5.85,0.16,0,17.936
"735",979,1660,"NG","gas","natural_gas","keyspan energy",12676,1.036,0,0,12.263
"736",980,1678,"DFO","oil","petroleum","dennis k burke",1190,5.825,0,0,19.15
"737",981,1678,"NG","gas","natural_gas","keyspan energy",443,1.044,0,0,9.75
"738",982,1682,"NG","gas","natural_gas","sempra",45433,1.031,0,0,11.524
"739",983,1695,"NG","gas","natural_gas","b p canada",26465,1.015,0,0,8.936
"740",984,1702,"NG","gas","natural_gas","b p canada",45668,1.042,0,0,16.736
"741",985,1702,"WO","oil","petroleum","name pending",7546,5.86,0.32,0,6.88
"742",986,1706,"NG","gas","natural_gas","dte energy",1725,1,0,0,29.514
"743",987,1710,"BIT","coal","coal","perry county",10806,25.952,0.9,6.9,2.962
"744",988,1710,"BIT","coal","coal","peabody coal",10930,25.146,0.58,10.8,3.249
"745",989,1710,"BIT","coal","coal","peabody coal",10936,24.72,0.56,12.2,2.89
"746",990,1710,"BIT","coal","coal","peabody coal",12116,24.536,0.89,10.5,2.8
"747",991,1710,"BIT","coal","coal","arch",31781,25.282,0.73,9.5,2.622
"748",992,1710,"SUB","coal","coal","peabody coal",15733,17.57,0.17,4.5,1.948
"749",993,1710,"SUB","coal","coal","arch",30719,17.72,0.29,5.4,2.126
"750",994,1710,"SUB","coal","coal","peabody coal",47151,17.458,0.18,4.4,2.119
"751",995,1710,"SUB","coal","coal","arch",108131,17.734,0.3,5.4,1.627
"752",996,1710,"SUB","coal","coal","peabody coal",94466,17.4,0.18,4.8,2.189
"753",997,1710,"SUB","coal","coal","peabody coal",15755,17.568,0.19,4.4,1.887
"754",998,1710,"SUB","coal","coal","arch",110,17.734,0.24,4.8,1.5
"755",999,1710,"SUB","coal","coal","arch",30200,17.868,0.27,5,2.03
"756",1000,1710,"SUB","coal","coal","peabody coal",242,17.45,0.18,4.7,2.275
